{
  "type": "service_account",
  "project_id": "test-23cfc",
  "private_key_id": "SOMTHING_KEY_ID",
  "private_key": "-----BEGIN PRIVATE KEY-----\nSOMETHING\n-----END PRIVATE KEY-----\n",
  "client_email": "firebase-adminsdk-SOMETHING@SOMETHING.iam.gserviceaccount.com",
  "client_id": "SOMEHITNG_CLIENT_ID",
  "auth_uri": "https://accounts.google.com/o/oauth2/auth",
  "token_uri": "https://accounts.google.com/o/oauth2/token",
  "auth_provider_x509_cert_url": "https://www.googleapis.com/oauth2/v1/certs",
  "client_x509_cert_url": "https://www.googleapis.com/robot/v1/metadata/SOMETHING.iam.gserviceaccount.com"
}
